Name,Slug,Collection ID,Locale ID,Item ID,Archived,Draft,Created On,Updated On,Published On,Main category,Category 2,Category 3,Category 4,Description,Project date,Card image,Gallery,Live Project,Deliverables,Portfolio order,Link to project,Video Link,UX portfolio?
2 Delta Delta Records,2-delta-delta-records,651da38491f4e10b7daa6425,651da38691f4e10b7daa6851,6524222d9ccdee786d2dc1ef,false,true,Mon Oct 09 2023 15:54:21 GMT+0000 (Coordinated Universal Time),Tue Jul 15 2025 15:03:42 GMT+0000 (Coordinated Universal Time),Thu Oct 03 2024 14:35:55 GMT+0000 (Coordinated Universal Time),dolorem-itaque,social-media-templates,album-art,,"2 Delta Delta is a UK Garage & Breakbeat record label based in London. Founded by DJ/Producer, Dylan Biggs [DRB Selects], I built a brand identity strategy for both the label and the founder.",Mon Oct 09 2023 00:00:00 GMT+0000 (Coordinated Universal Time),https://cdn.prod.website-files.com/651da38491f4e10b7daa6409/66f15edfef5abacbfbf45fb7_2DD%20Card.png,https://cdn.prod.website-files.com/651da38491f4e10b7daa6409/66aa120dd862fcc043be8bfb_Logos.png; https://cdn.prod.website-files.com/651da38491f4e10b7daa6409/66aa120ef38b12c524e91bd4_Art.png; https://cdn.prod.website-files.com/651da38491f4e10b7daa6409/66aa120ee314003b916147ea_Soundcloud.png; https://cdn.prod.website-files.com/651da38491f4e10b7daa6409/66aa120e3dc3ad7da070bdc0_Praeda.png; https://cdn.prod.website-files.com/651da38491f4e10b7daa6409/66aa120e41ec479f5cbd809b_THT%20Girl.png; https://cdn.prod.website-files.com/651da38491f4e10b7daa6409/66aa120ea56c8868f825b00d_Covers.png,,<p>Logos</p><p>Album Art</p><p>SoundCloud Banner </p><p>‍</p>,4,https://www.rohanmisra.xyz/projects/2-delta-delta-records,https://www.instagram.com/reel/C-LW79YsjGK/?utm_source=ig_web_copy_link&igsh=MzRlODBiNWFlZA==,false
Airtable,airtable,651da38491f4e10b7daa6425,651da38691f4e10b7daa6851,651da38491f4e10b7daa6432,true,false,Mon Nov 07 2022 22:08:57 GMT+0000 (Coordinated Universal Time),Wed Oct 04 2023 18:20:33 GMT+0000 (Coordinated Universal Time),,eveniet-unde,,,,"Whether you need design or tweak some code, I have the skills and creativity needed to take your project to the next level.",Wed Jun 21 2023 00:00:00 GMT+0000 (Coordinated Universal Time),https://uploads-ssl.webflow.com/651da38491f4e10b7daa6409/651da38491f4e10b7daa6449_Placeholder-Image.svg,https://uploads-ssl.webflow.com/651da38491f4e10b7daa6409/651da38491f4e10b7daa6427_Placeholder-Image.svg; https://uploads-ssl.webflow.com/651da38491f4e10b7daa6409/651da38491f4e10b7daa6427_Placeholder-Image.svg; https://uploads-ssl.webflow.com/651da38491f4e10b7daa6409/651da38491f4e10b7daa6427_Placeholder-Image.svg; https://uploads-ssl.webflow.com/651da38491f4e10b7daa6409/651da38491f4e10b7daa6427_Placeholder-Image.svg,,,,,,false
Aquarium,aquarium,651da38491f4e10b7daa6425,651da38691f4e10b7daa6851,68596ec0a998c88a9ccc3819,false,false,Mon Jun 23 2025 15:12:00 GMT+0000 (Coordinated Universal Time),Tue Jul 15 2025 15:56:52 GMT+0000 (Coordinated Universal Time),Tue Jul 15 2025 16:01:16 GMT+0000 (Coordinated Universal Time),user-interface-design,,,,Aquarium is a product that allows sales representatives to compare AI products on the market. I was hired to redesign their user interface (UI) for their official product demonstration.,Fri Apr 18 2025 00:00:00 GMT+0000 (Coordinated Universal Time),https://cdn.prod.website-files.com/651da38491f4e10b7daa6409/6859701c013dc2e1030e71cb_Aquarium%20Card.png,https://cdn.prod.website-files.com/651da38491f4e10b7daa6409/68596edb54908b15f9af7926_1.png; https://cdn.prod.website-files.com/651da38491f4e10b7daa6409/68596edbba94fc337ca7a9a3_2.png; https://cdn.prod.website-files.com/651da38491f4e10b7daa6409/68596edb4c7f5f9bfbaae4c8_3.png; https://cdn.prod.website-files.com/651da38491f4e10b7daa6409/68596edba798106965e9dbcb_4.png,,,3,,,true
Bandcamp Redesign,bandcamp,651da38491f4e10b7daa6425,651da38691f4e10b7daa6851,66f15a9104464e80a1a73423,false,false,Mon Sep 23 2024 12:09:53 GMT+0000 (Coordinated Universal Time),Mon Sep 23 2024 13:13:58 GMT+0000 (Coordinated Universal Time),Mon Sep 23 2024 13:20:35 GMT+0000 (Coordinated Universal Time),user-experience-design,user-interface-design,,,,,https://cdn.prod.website-files.com/651da38491f4e10b7daa6409/66f15a87aaed07bbb9ce3730_BandCamp%20Card.png,,,,0,https://www.rohanmisra.xyz/bandcamp-redesign,,false
Basement Beats,basement-beats,651da38491f4e10b7daa6425,651da38691f4e10b7daa6851,68596830f1dec099ec6acb90,false,false,Mon Jun 23 2025 14:44:00 GMT+0000 (Coordinated Universal Time),Mon Jun 23 2025 15:18:14 GMT+0000 (Coordinated Universal Time),Thu Jul 03 2025 09:20:56 GMT+0000 (Coordinated Universal Time),dolorem-itaque,album-art,,,"Basement Beats is a Progressive House record label based in London. They approached me to develop a brand identity, including a custom logo mark and album art template to facilitate their releases",Tue Dec 10 2024 00:00:00 GMT+0000 (Coordinated Universal Time),https://cdn.prod.website-files.com/651da38491f4e10b7daa6409/685970264248cbcb597e355f_Basement%20Card.png,https://cdn.prod.website-files.com/651da38491f4e10b7daa6409/685968562e531992565d399d_1.png; https://cdn.prod.website-files.com/651da38491f4e10b7daa6409/68596857a7647ae70da81eee_2.png; https://cdn.prod.website-files.com/651da38491f4e10b7daa6409/68596857b8a069bf53e0e875_3.png,https://www.instagram.com/basement.beats.co/,,,,,false
chevrolet,chevrolet,651da38491f4e10b7daa6425,651da38691f4e10b7daa6851,651da38491f4e10b7daa642a,true,false,Mon Nov 07 2022 22:08:57 GMT+0000 (Coordinated Universal Time),Wed Oct 04 2023 18:20:33 GMT+0000 (Coordinated Universal Time),,dolorem-itaque,,,,"Whether you need design or tweak some code, I have the skills and creativity needed to take your project to the next level.",Thu Mar 16 2023 00:00:00 GMT+0000 (Coordinated Universal Time),https://uploads-ssl.webflow.com/651da38491f4e10b7daa6409/651da38491f4e10b7daa6449_Placeholder-Image.svg,https://uploads-ssl.webflow.com/651da38491f4e10b7daa6409/651da38491f4e10b7daa6427_Placeholder-Image.svg; https://uploads-ssl.webflow.com/651da38491f4e10b7daa6409/651da38491f4e10b7daa6427_Placeholder-Image.svg; https://uploads-ssl.webflow.com/651da38491f4e10b7daa6409/651da38491f4e10b7daa6427_Placeholder-Image.svg; https://uploads-ssl.webflow.com/651da38491f4e10b7daa6409/651da38491f4e10b7daa6427_Placeholder-Image.svg,,,,,,false
Delta Airlines,delta-airlines,651da38491f4e10b7daa6425,651da38691f4e10b7daa6851,651da38491f4e10b7daa642d,true,false,Mon Nov 07 2022 22:08:57 GMT+0000 (Coordinated Universal Time),Wed Oct 04 2023 18:20:33 GMT+0000 (Coordinated Universal Time),,dolorem-itaque,,,,"Whether you need design or tweak some code, I have the skills and creativity needed to take your project to the next level.",Thu Oct 13 2022 00:00:00 GMT+0000 (Coordinated Universal Time),https://uploads-ssl.webflow.com/651da38491f4e10b7daa6409/651da38491f4e10b7daa6449_Placeholder-Image.svg,https://uploads-ssl.webflow.com/651da38491f4e10b7daa6409/651da38491f4e10b7daa6427_Placeholder-Image.svg; https://uploads-ssl.webflow.com/651da38491f4e10b7daa6409/651da38491f4e10b7daa6427_Placeholder-Image.svg; https://uploads-ssl.webflow.com/651da38491f4e10b7daa6409/651da38491f4e10b7daa6427_Placeholder-Image.svg; https://uploads-ssl.webflow.com/651da38491f4e10b7daa6409/651da38491f4e10b7daa6427_Placeholder-Image.svg,,,,,,false
Dollymix Projects,dollymix-projects,651da38491f4e10b7daa6425,651da38691f4e10b7daa6851,651dabf9c8a484a1bc65357d,false,false,Wed Oct 04 2023 18:16:25 GMT+0000 (Coordinated Universal Time),Mon Oct 09 2023 15:38:26 GMT+0000 (Coordinated Universal Time),Tue Oct 10 2023 11:13:56 GMT+0000 (Coordinated Universal Time),eveniet-unde,,,,Dollymix Projects is an electronic music event based in Nottingham. ,Sat Sep 09 2023 00:00:00 GMT+0000 (Coordinated Universal Time),https://uploads-ssl.webflow.com/651da38491f4e10b7daa6409/65241e35ed34ec964df3540a_Projects%20Cover.png,https://uploads-ssl.webflow.com/651da38491f4e10b7daa6409/651db7d5a5a31704ad1c88c6_Detonate.png; https://uploads-ssl.webflow.com/651da38491f4e10b7daa6409/651db7dfc9f40985e52eda74_IMG_2371.jpg; https://uploads-ssl.webflow.com/651da38491f4e10b7daa6409/651db7df31a79c553c52e913_IMG_2372.jpg; https://uploads-ssl.webflow.com/651da38491f4e10b7daa6409/651db7de020521fcc3892a31_IMG_2373.jpg; https://uploads-ssl.webflow.com/651da38491f4e10b7daa6409/651db7dec8a484a1bc72ee24_IMG_2374.jpg; https://uploads-ssl.webflow.com/651da38491f4e10b7daa6409/651db7dfa9f65c81acd77002_IMG_2375.jpg; https://uploads-ssl.webflow.com/651da38491f4e10b7daa6409/651db7def8a0437e2d09f95a_IMG_2376.jpg; https://uploads-ssl.webflow.com/651da38491f4e10b7daa6409/651db7de4dd0092be72c57d8_IMG_2377.jpg; https://uploads-ssl.webflow.com/651da38491f4e10b7daa6409/651db7de18c50f92e14457d5_IMG_2378.jpg; https://uploads-ssl.webflow.com/651da38491f4e10b7daa6409/651db7de020521fcc3892998_IMG_2380.jpg; https://uploads-ssl.webflow.com/651da38491f4e10b7daa6409/651db7de708d32af7f819593_IMG_2381.jpg; https://uploads-ssl.webflow.com/651da38491f4e10b7daa6409/651db7dea7133cdfef3382c1_IMG_2382.jpg; https://uploads-ssl.webflow.com/651da38491f4e10b7daa6409/651db7de1f2125dd8ffc751e_Projects%20Halloween.png; https://uploads-ssl.webflow.com/651da38491f4e10b7daa6409/651db7de13b882d4e3659565_Summer%20Closing%20Party.png,,,,,,false
Dollymix Studios,dollymix-studios,651da38491f4e10b7daa6425,651da38691f4e10b7daa6851,651dab516b42b70bee9062a6,false,false,Wed Oct 04 2023 18:13:37 GMT+0000 (Coordinated Universal Time),Fri Sep 06 2024 16:42:44 GMT+0000 (Coordinated Universal Time),Fri Sep 06 2024 16:50:47 GMT+0000 (Coordinated Universal Time),dolorem-itaque,,,,"Dollymix Studios is a streetwear brand founded in 2018. We recently reimagined the visual identity of the brand to realign with the founders tastes. The Hasbro Logo from 1978 was the original reference for this project. This was referenced as gaming manufactures often have mature and simple visual identities, but produce games that inspire fun and excitement every single day. In this context, Dollymix facilitates play' in the form of providing the garments which are fairly simplistic but therefore allow people to create in every day.",Fri Jul 14 2023 00:00:00 GMT+0000 (Coordinated Universal Time),https://cdn.prod.website-files.com/651da38491f4e10b7daa6409/65241e3fd8c7453c62d94986_Studios%20Cover.png,https://cdn.prod.website-files.com/651da38491f4e10b7daa6409/651dae7170a2a739333bae15_Artboard%207%20copy.png,,,,,,false
Event Posters,event-posters,651da38491f4e10b7daa6425,651da38691f4e10b7daa6851,66f16910ffa125a111695f27,false,false,Mon Sep 23 2024 13:11:44 GMT+0000 (Coordinated Universal Time),Thu Jul 03 2025 09:22:37 GMT+0000 (Coordinated Universal Time),Thu Jul 03 2025 09:22:37 GMT+0000 (Coordinated Universal Time),poster-design,,,,Various Music Poster Design Projects,,https://cdn.prod.website-files.com/651da38491f4e10b7daa6409/66f168ee93c524908c0b502e_Poster%20card.png,https://cdn.prod.website-files.com/651da38491f4e10b7daa6409/681e49327aa6ac37fb78215e_9.png; https://cdn.prod.website-files.com/651da38491f4e10b7daa6409/681e493213ba80f4532afa5e_11.png; https://cdn.prod.website-files.com/651da38491f4e10b7daa6409/681e49325a3be5ad34efd1ad_10.png; https://cdn.prod.website-files.com/651da38491f4e10b7daa6409/681e4932efbf414df57166c9_8.png; https://cdn.prod.website-files.com/651da38491f4e10b7daa6409/681e493285fc702aa13c4b0e_7.png; https://cdn.prod.website-files.com/651da38491f4e10b7daa6409/66f16843ffb6480c42621687_1.png; https://cdn.prod.website-files.com/651da38491f4e10b7daa6409/66f1684308f8d16cce61e301_2.png; https://cdn.prod.website-files.com/651da38491f4e10b7daa6409/66f1684488c28a8014e67285_3.png,,,3,http://www.rohanmisra.xyz/projects/event-posters,,false
FedEx,fedex,651da38491f4e10b7daa6425,651da38691f4e10b7daa6851,651da38491f4e10b7daa6430,true,false,Mon Nov 07 2022 22:08:56 GMT+0000 (Coordinated Universal Time),Wed Oct 04 2023 18:20:33 GMT+0000 (Coordinated Universal Time),,placeat,,,,"Whether you need design or tweak some code, I have the skills and creativity needed to take your project to the next level.",Fri Jan 13 2023 00:00:00 GMT+0000 (Coordinated Universal Time),https://uploads-ssl.webflow.com/651da38491f4e10b7daa6409/651da38491f4e10b7daa6449_Placeholder-Image.svg,https://uploads-ssl.webflow.com/651da38491f4e10b7daa6409/651da38491f4e10b7daa6427_Placeholder-Image.svg; https://uploads-ssl.webflow.com/651da38491f4e10b7daa6409/651da38491f4e10b7daa6427_Placeholder-Image.svg; https://uploads-ssl.webflow.com/651da38491f4e10b7daa6409/651da38491f4e10b7daa6427_Placeholder-Image.svg; https://uploads-ssl.webflow.com/651da38491f4e10b7daa6409/651da38491f4e10b7daa6427_Placeholder-Image.svg,,,,,,false
Fovera Health,fovera-health,651da38491f4e10b7daa6425,651da38691f4e10b7daa6851,651da38491f4e10b7daa642c,true,false,Mon Nov 07 2022 22:08:57 GMT+0000 (Coordinated Universal Time),Wed Oct 04 2023 18:20:33 GMT+0000 (Coordinated Universal Time),,magni-ducimus,,,,"Whether you need design or tweak some code, I have the skills and creativity needed to take your project to the next level.",Tue Mar 07 2023 00:00:00 GMT+0000 (Coordinated Universal Time),https://uploads-ssl.webflow.com/651da38491f4e10b7daa6409/651da38491f4e10b7daa6449_Placeholder-Image.svg,https://uploads-ssl.webflow.com/651da38491f4e10b7daa6409/651da38491f4e10b7daa6427_Placeholder-Image.svg; https://uploads-ssl.webflow.com/651da38491f4e10b7daa6409/651da38491f4e10b7daa6427_Placeholder-Image.svg; https://uploads-ssl.webflow.com/651da38491f4e10b7daa6409/651da38491f4e10b7daa6427_Placeholder-Image.svg; https://uploads-ssl.webflow.com/651da38491f4e10b7daa6409/651da38491f4e10b7daa6427_Placeholder-Image.svg,,,,,,false
Honeycomb AI,honeycomb-ai,651da38491f4e10b7daa6425,651da38691f4e10b7daa6851,685bff11b43368ab75ea294f,false,false,Wed Jun 25 2025 13:52:17 GMT+0000 (Coordinated Universal Time),Tue Jul 15 2025 15:55:53 GMT+0000 (Coordinated Universal Time),Tue Jul 15 2025 16:01:16 GMT+0000 (Coordinated Universal Time),dolorem-itaque,placeat,,,Honeycomb AI is a b2b SaaS platform used by the restaurant and hospitality industry to effortlessly connect vendors to suppliers. I was hired to build a brand identity and website which felt ,Fri Jun 21 2024 00:00:00 GMT+0000 (Coordinated Universal Time),https://cdn.prod.website-files.com/651da38491f4e10b7daa6409/6876797bfe51d132a8375a9d_Honeycomb%20Card%20V2.png,https://cdn.prod.website-files.com/651da38491f4e10b7daa6409/685bff3c961f5861dd6951d9_1.png; https://cdn.prod.website-files.com/651da38491f4e10b7daa6409/685bff3cfda380c5d34c4a59_2.png; https://cdn.prod.website-files.com/651da38491f4e10b7daa6409/685bff3c7360d6124983b4e9_3.png; https://cdn.prod.website-files.com/651da38491f4e10b7daa6409/685c0f36b0264017076456d8_1.png; https://cdn.prod.website-files.com/651da38491f4e10b7daa6409/685c0f36f915e9a801aaed4e_2.png; https://cdn.prod.website-files.com/651da38491f4e10b7daa6409/685c0f36305f462837f7ca19_3.png; https://cdn.prod.website-files.com/651da38491f4e10b7daa6409/685c0f3685a9503ebfe4039b_4.png,,,2,,,true
Just Looking,just-looking,651da38491f4e10b7daa6425,651da38691f4e10b7daa6851,66128ba2f34b43fd6a5c313a,false,false,Sun Apr 07 2024 12:03:46 GMT+0000 (Coordinated Universal Time),Wed Jul 31 2024 10:45:06 GMT+0000 (Coordinated Universal Time),Wed Jul 31 2024 10:54:21 GMT+0000 (Coordinated Universal Time),creative-project,,,,"Introducing Just Looking, an Audio-Visual Diary by Rohan Misra and Sam Ratcliffe. The act of filming is an inherently mindful exercise. It forces you to slow down and experience what’s happening in front of you, even if it’s nothing of any particular consequence. Just Looking is an audiovisual diary comprised of moments and spaces that we have collected throughout our time here, occasionally using audio pairing to utilise the link between music and memory in our brains. We encourage you to stop what you’re doing and enjoy the pleasure of just looking 🧘‍♂️
",Sun Feb 18 2024 00:00:00 GMT+0000 (Coordinated Universal Time),https://uploads-ssl.webflow.com/651da38491f4e10b7daa6409/66128b7e4bf3b091b5a9e833_Screenshot%202024-04-07%20at%2019.03.06.png,https://uploads-ssl.webflow.com/651da38491f4e10b7daa6409/66128d5b8e5b05bfdcbbab3d_Screenshot%202024-04-07%20at%2019.08.37.png; https://uploads-ssl.webflow.com/651da38491f4e10b7daa6409/66128d5aaa3661d029f87009_Screenshot%202024-04-07%20at%2019.08.44.png; https://uploads-ssl.webflow.com/651da38491f4e10b7daa6409/66128d5bd77654a5bf5d33ce_Screenshot%202024-04-07%20at%2019.08.22.png; https://uploads-ssl.webflow.com/651da38491f4e10b7daa6409/66128d5a497499d990149585_Screenshot%202024-04-07%20at%2019.05.51.png; https://uploads-ssl.webflow.com/651da38491f4e10b7daa6409/66128d5bd250a5408e482b54_Screenshot%202024-04-07%20at%2019.07.43.png; https://uploads-ssl.webflow.com/651da38491f4e10b7daa6409/66128d5acade006c29bfb580_Screenshot%202024-04-07%20at%2019.06.39.png; https://uploads-ssl.webflow.com/651da38491f4e10b7daa6409/66128d5b3ae6c5ad17594dfa_Screenshot%202024-04-07%20at%2019.07.23.png; https://uploads-ssl.webflow.com/651da38491f4e10b7daa6409/66128d5ab2e661e338646896_Screenshot%202024-04-07%20at%2019.07.56.png; https://uploads-ssl.webflow.com/651da38491f4e10b7daa6409/66128d5b0f493897953616b4_Screenshot%202024-04-07%20at%2019.07.01.png,http://www.Instagram.com/justlooking,,,,,false
MatchTune,match-tune,651da38491f4e10b7daa6425,651da38691f4e10b7daa6851,651dab4218c50f92e1361412,false,true,Wed Oct 04 2023 18:13:22 GMT+0000 (Coordinated Universal Time),Tue Jul 15 2025 15:03:01 GMT+0000 (Coordinated Universal Time),Thu Oct 03 2024 14:35:55 GMT+0000 (Coordinated Universal Time),user-interface-design,,,,MatchTune is a tech startup based in Paris which utilises AI to find appropriate music to match a brief defined by the user. They approached us to design the user interface (UI) for their latest search engine; Audio Atlas. ,Thu Jul 13 2023 00:00:00 GMT+0000 (Coordinated Universal Time),https://cdn.prod.website-files.com/651da38491f4e10b7daa6409/65241ec82369d3652780b779_Matchtune%20Cover.png,https://cdn.prod.website-files.com/651da38491f4e10b7daa6409/651dae8208dde83fd8d0da25_Artboard%204%20copy.png,,,0,,,false
McDonalds,mcdonalds,651da38491f4e10b7daa6425,651da38691f4e10b7daa6851,651da38491f4e10b7daa642b,true,false,Mon Nov 07 2022 22:08:57 GMT+0000 (Coordinated Universal Time),Wed Oct 04 2023 18:20:33 GMT+0000 (Coordinated Universal Time),,et-autem-molestiae,,,,"Whether you need design or tweak some code, I have the skills and creativity needed to take your project to the next level.",Fri Nov 19 2021 00:00:00 GMT+0000 (Coordinated Universal Time),https://uploads-ssl.webflow.com/651da38491f4e10b7daa6409/651da38491f4e10b7daa6449_Placeholder-Image.svg,https://uploads-ssl.webflow.com/651da38491f4e10b7daa6409/651da38491f4e10b7daa6427_Placeholder-Image.svg; https://uploads-ssl.webflow.com/651da38491f4e10b7daa6409/651da38491f4e10b7daa6427_Placeholder-Image.svg; https://uploads-ssl.webflow.com/651da38491f4e10b7daa6409/651da38491f4e10b7daa6427_Placeholder-Image.svg; https://uploads-ssl.webflow.com/651da38491f4e10b7daa6409/651da38491f4e10b7daa6427_Placeholder-Image.svg,,,,,,false
MintStars ,mintstars,651da38491f4e10b7daa6425,651da38691f4e10b7daa6851,651daa8b1734af30c456c25a,false,false,Wed Oct 04 2023 18:10:19 GMT+0000 (Coordinated Universal Time),Mon Sep 23 2024 13:30:12 GMT+0000 (Coordinated Universal Time),Mon Sep 23 2024 13:30:19 GMT+0000 (Coordinated Universal Time),dolorem-itaque,placeat,user-interface-design,,"MintStars is a web3 startup in the private creator space. They hired us to update their branding assets to feel more bright, modern and trusting. We began by changing typeface to make it more recognisable and also embraced lowercasing throughout their whole brand identity. We reimagined the colour palette from pastel shades to more saturated, contrasting tones to improve brand memorability. ",Fri Sep 29 2023 00:00:00 GMT+0000 (Coordinated Universal Time),https://cdn.prod.website-files.com/651da38491f4e10b7daa6409/66f15d9f230d547766e17f61_MintStars%20Card.png,https://cdn.prod.website-files.com/651da38491f4e10b7daa6409/6524151ae170008e42eb650e_1.png; https://cdn.prod.website-files.com/651da38491f4e10b7daa6409/6524151a2873689eb10afe8b_2.png; https://cdn.prod.website-files.com/651da38491f4e10b7daa6409/6524151a84de971673701112_3.png; https://cdn.prod.website-files.com/651da38491f4e10b7daa6409/6524151c08d0f8034ad79abe_4.png; https://cdn.prod.website-files.com/651da38491f4e10b7daa6409/6524151c59446c1fd0a7068a_5.png; https://cdn.prod.website-files.com/651da38491f4e10b7daa6409/6524143cf7cd709b1a5119a6_ezgif.com-video-to-gif.gif,http://www.mintstars.com,,2,https://www.rohanmisra.xyz/mintstars-brand-identity,,false
[NDA] Digital Streaming Platform,nda-digital-streaming-platform,651da38491f4e10b7daa6425,651da38691f4e10b7daa6851,687676b580a0bc00350377fd,false,false,Tue Jul 15 2025 15:41:41 GMT+0000 (Coordinated Universal Time),Wed Jul 16 2025 16:22:14 GMT+0000 (Coordinated Universal Time),Wed Jul 16 2025 16:22:14 GMT+0000 (Coordinated Universal Time),user-experience-design,ux-research,user-interface-design,,"I was commissioned to reimagine the UI and UX for a startup Digital Streaming Platform [currently under NDA], which offers unique artist experiences (e.g. free concert tickets) to deepen the connection and incentivise genuine engagement between the artist and the fan. As part of my work I interviewed a target user group to deeper understand their behaviours, needs and desires from a new streaming platform. After multiple iterations, I used user testing and hot mapping to optimise my design.",Sun Dec 01 2024 00:00:00 GMT+0000 (Coordinated Universal Time),https://cdn.prod.website-files.com/651da38491f4e10b7daa6409/687677142b71a5a087869c22_Streaming%20platform%20card.png,https://cdn.prod.website-files.com/651da38491f4e10b7daa6409/6876831ae24930b19231bfa9_1.png; https://cdn.prod.website-files.com/651da38491f4e10b7daa6409/68767725065abad7b8ce908f_3.png; https://cdn.prod.website-files.com/651da38491f4e10b7daa6409/6876831aaece48920cd50e43_2.png,,,1,,,true
New Beginning EP Listening Party,new-beginning-ep-listening-party,651da38491f4e10b7daa6425,651da38691f4e10b7daa6851,6612900a079d0afb9c766245,false,true,Sun Apr 07 2024 12:22:34 GMT+0000 (Coordinated Universal Time),Wed Jul 31 2024 10:42:56 GMT+0000 (Coordinated Universal Time),,event-documentation,,,,"Dollymix Studios presents: New Beginning EP Listening Party Sillyro’s musical influences are a product of the music that him and his friends love listening to together, so in the road to the release of his debut EP we hosted a listening party at the studio where Dollymix was born. Five unique sets from friends were captured over the course of the evening, reflecting sounds that be heard on the EP, ranging from vinyl house grooves to euphoric breaks. The project is currently live and set videos are released weekly throughout April in the build up to the EP launch. ",Mon Apr 01 2024 00:00:00 GMT+0000 (Coordinated Universal Time),https://uploads-ssl.webflow.com/651da38491f4e10b7daa6409/66128ee8e1e58fc04051ca11_Screenshot%202024-04-07%20at%2019.17.28.png,https://uploads-ssl.webflow.com/651da38491f4e10b7daa6409/66128fe9b2e661e33866afcf_Screenshot%202024-04-07%20at%2019.20.48.png; https://uploads-ssl.webflow.com/651da38491f4e10b7daa6409/66128fe9ab50e91689ed34b6_Screenshot%202024-04-07%20at%2019.21.36.png,https://www.youtube.com/watch?v=GfF3zili1ME&list=PL1lphN6yuYJrGIjeMKeIoSzmKFx7j9pOx,<ul><li>Event organisation &amp; management </li><li>Full set videos (YouTube)</li><li>Short form clips (Instagram / Tiktok)</li><li>Set audio (SoundCloud)</li></ul>,,,,false
Off Licence Clobber,off-licence-clobber,651da38491f4e10b7daa6425,651da38691f4e10b7daa6851,651dac56a7133cdfef25fa15,false,false,Wed Oct 04 2023 18:17:58 GMT+0000 (Coordinated Universal Time),Mon Sep 23 2024 12:25:10 GMT+0000 (Coordinated Universal Time),Mon Sep 23 2024 13:20:35 GMT+0000 (Coordinated Universal Time),dolorem-itaque,fashion-design,,,"Off Licence is a streetwear brand featuring ironic 3rd party graphic t-shirts for students to represent their University city. The Off Licence Clobber logo is referenced off of the 'Costco' logo. As most UK University student are notoriously strapped for cash, the budget wholesaler is a brand that the target market can identify with, whilst inspiring a degree of humour and irony due to it's hyper-commercial nature.",Fri Mar 03 2023 00:00:00 GMT+0000 (Coordinated Universal Time),https://cdn.prod.website-files.com/651da38491f4e10b7daa6409/66db31da6d72927038c2e5d8_OLC%20Card.png,https://cdn.prod.website-files.com/651da38491f4e10b7daa6409/66db3235b28efdffc60f078e_Off%20Licence%20Portfolio.png,,,1,https://www.rohanmisra.xyz/projects/off-licence-clobber,,false
[NDA] Music Plugin Design,plugin-design,651da38491f4e10b7daa6425,651da38691f4e10b7daa6851,685ad4e1e17a4663fc2693d6,false,false,Tue Jun 24 2025 16:40:01 GMT+0000 (Coordinated Universal Time),Tue Jul 15 2025 15:57:32 GMT+0000 (Coordinated Universal Time),Tue Jul 15 2025 16:01:16 GMT+0000 (Coordinated Universal Time),user-interface-design,dolorem-itaque,,,"Graphical User Interface (GUI) design for music production mastering plugin. I was hired to reimagine the design of this production plugin to make it sleek and intuitive to the user. The full design and concept is protected under NDA, so some parts are blurred to protect it’s identity.",Fri Sep 27 2024 00:00:00 GMT+0000 (Coordinated Universal Time),https://cdn.prod.website-files.com/651da38491f4e10b7daa6409/685ad5ddd5d9a84f9fc3d114_Plugin%20card.png,,,,4,,,true
Popp AI,popp-ai,651da38491f4e10b7daa6425,651da38691f4e10b7daa6851,651daa78bdc114c7f7611bdc,false,false,Wed Oct 04 2023 18:10:00 GMT+0000 (Coordinated Universal Time),Tue Jul 15 2025 15:55:38 GMT+0000 (Coordinated Universal Time),Tue Jul 15 2025 16:01:16 GMT+0000 (Coordinated Universal Time),placeat,,,,Popp AI is a startup SaaS platform which utilises AI to automate conversations in a wide range of industries such as a recruitment. Popp hired me to reimagine their website for their recent pivot. ,Fri Sep 22 2023 00:00:00 GMT+0000 (Coordinated Universal Time),https://cdn.prod.website-files.com/651da38491f4e10b7daa6409/6876795a471ffa4778410ba7_Popp%20Card.png,https://cdn.prod.website-files.com/651da38491f4e10b7daa6409/65241b5389684d5be7005db6_1.png; https://cdn.prod.website-files.com/651da38491f4e10b7daa6409/65241b539ccdee786d250f4a_2.png; https://cdn.prod.website-files.com/651da38491f4e10b7daa6409/65241b531882db56f2a2b6d7_3.png; https://cdn.prod.website-files.com/651da38491f4e10b7daa6409/65241b53abe60d51c536522c_4.png,http://www.joinpopp.ai,,5,,,true
Samsung,samsung,651da38491f4e10b7daa6425,651da38691f4e10b7daa6851,651da38491f4e10b7daa6431,true,false,Mon Nov 07 2022 22:08:57 GMT+0000 (Coordinated Universal Time),Wed Oct 04 2023 18:20:33 GMT+0000 (Coordinated Universal Time),,magni-ducimus,,,,"Whether you need design or tweak some code, I have the skills and creativity needed to take your project to the next level.",Tue May 23 2023 00:00:00 GMT+0000 (Coordinated Universal Time),https://uploads-ssl.webflow.com/651da38491f4e10b7daa6409/651da38491f4e10b7daa6449_Placeholder-Image.svg,https://uploads-ssl.webflow.com/651da38491f4e10b7daa6409/651da38491f4e10b7daa6427_Placeholder-Image.svg; https://uploads-ssl.webflow.com/651da38491f4e10b7daa6409/651da38491f4e10b7daa6427_Placeholder-Image.svg; https://uploads-ssl.webflow.com/651da38491f4e10b7daa6409/651da38491f4e10b7daa6427_Placeholder-Image.svg; https://uploads-ssl.webflow.com/651da38491f4e10b7daa6409/651da38491f4e10b7daa6427_Placeholder-Image.svg,,,,,,false
Soho House,soho-house,651da38491f4e10b7daa6425,651da38691f4e10b7daa6851,651da38491f4e10b7daa642f,true,false,Mon Nov 07 2022 22:08:56 GMT+0000 (Coordinated Universal Time),Wed Oct 04 2023 18:20:33 GMT+0000 (Coordinated Universal Time),,placeat,,,,"Whether you need design or tweak some code, I have the skills and creativity needed to take your project to the next level.",Fri Jul 29 2022 00:00:00 GMT+0000 (Coordinated Universal Time),https://uploads-ssl.webflow.com/651da38491f4e10b7daa6409/651da38491f4e10b7daa6449_Placeholder-Image.svg,https://uploads-ssl.webflow.com/651da38491f4e10b7daa6409/651da38491f4e10b7daa6427_Placeholder-Image.svg; https://uploads-ssl.webflow.com/651da38491f4e10b7daa6409/651da38491f4e10b7daa6427_Placeholder-Image.svg; https://uploads-ssl.webflow.com/651da38491f4e10b7daa6409/651da38491f4e10b7daa6427_Placeholder-Image.svg; https://uploads-ssl.webflow.com/651da38491f4e10b7daa6409/651da38491f4e10b7daa6427_Placeholder-Image.svg,,,,,,false
Sugar Rush Sounds,sugar-rush-sounds,651da38491f4e10b7daa6425,651da38691f4e10b7daa6851,66f1593c180daa6599611c13,false,false,Mon Sep 23 2024 12:04:12 GMT+0000 (Coordinated Universal Time),Mon Sep 23 2024 12:04:12 GMT+0000 (Coordinated Universal Time),Mon Sep 23 2024 13:20:35 GMT+0000 (Coordinated Universal Time),,,,,,Sun Aug 25 2024 00:00:00 GMT+0000 (Coordinated Universal Time),,,,,,,,false
The Riddle Festival Stage,the-riddle-festival-stage,651da38491f4e10b7daa6425,651da38691f4e10b7daa6851,6669c46393244308a04e9ef0,false,true,Wed Jun 12 2024 15:53:06 GMT+0000 (Coordinated Universal Time),Tue Jul 15 2025 15:03:49 GMT+0000 (Coordinated Universal Time),Tue Nov 05 2024 15:44:56 GMT+0000 (Coordinated Universal Time),dolorem-itaque,eveniet-unde,social-media-templates,,"The Riddle is a brand new venue featuring at Wilderness Festival 2024. I worked with them to create a brand identity to help realise their vision. The client had a wide range of visual references which needed tying together. For example, the first room at their festival stage is based on a Moroccan speakeasy, featuring handwoven fabrics with a nomadic style; quite lowkey and tactile. On the other hand, the second room transitions into an enchanting and vibrant wonderland filled with blossoming plants, so we needed to strike a balance between something understated and warming which yet inspired an excitement for something more. To achieve this, we explored colour palettes and patterns from Moroccan fabrics, as well styles and imagery were referenced from old circus promotional material.",Wed Jun 12 2024 00:00:00 GMT+0000 (Coordinated Universal Time),https://cdn.prod.website-files.com/651da38491f4e10b7daa6409/6669c1235b23d0220fcbf0e3_Riddle%20portfolio%20cover.png,https://cdn.prod.website-files.com/651da38491f4e10b7daa6409/66f1662fae7648bd9b4b7d64_1.png; https://cdn.prod.website-files.com/651da38491f4e10b7daa6409/66f1662f34ce3b4fd723c4ed_2.png; https://cdn.prod.website-files.com/651da38491f4e10b7daa6409/66f1662fbbcba49f2f1a0580_3.png; https://cdn.prod.website-files.com/651da38491f4e10b7daa6409/66f1662e2f910266b5baa107_4.png; https://cdn.prod.website-files.com/651da38491f4e10b7daa6409/66f1662ff5f165168c1bd4a5_5.png; https://cdn.prod.website-files.com/651da38491f4e10b7daa6409/66f1662e88c28a8014e45db7_6.png,https://djmag.com/news/wilderness-festival-unveils-new-dance-music-stage-riddle,<ul><li>Brand Identity</li><li>Festival Lineup Poster</li><li>Performer Artist Social Media Cards</li><li>Promotional Motion Graphic</li></ul>,5,http://www.rohanmisra.xyz/projects/the-riddle-festival-stage,,false
Wing.io,wing-io,651da38491f4e10b7daa6425,651da38691f4e10b7daa6851,651dab25021d6fa1dac6b183,false,true,Wed Oct 04 2023 18:12:53 GMT+0000 (Coordinated Universal Time),Wed Jul 16 2025 16:38:00 GMT+0000 (Coordinated Universal Time),,user-interface-design,,,,"Wing.io is a tech startup aiming to digitise the traditional paper business card. They hired us to design the user interface (UI) for their SaaS platform, which features an admin dashboard used by organisations to track sales representatives. The design was recently pitched to Morgan Stanley.",Fri Jun 09 2023 00:00:00 GMT+0000 (Coordinated Universal Time),https://cdn.prod.website-files.com/651da38491f4e10b7daa6409/66aa168925961517b0cd1b4b_Wing%20Card.png,https://cdn.prod.website-files.com/651da38491f4e10b7daa6409/651dafcc708d32af7f78246a_Artboard%203%20copy.png,,,0,,,false
